status,experiment,gene,condition,animal,sample_id,z_planes,height,width,plane_objects,global_3d_objects,single_plane_objects,stitch_links,nuclear_image,output_dir,completed_at_utc,maximum_z_planes_per_object,median_z_planes_per_object,p95_z_planes_per_object,sample_path,script_version,stitch_threshold,tracking_backend
completed,306,wnt1,0hr_Amputation,Image1,306__0hr_Amputation__Image1,55,3114,7128,52397,6349,1177,46048,/Volumes/Backup Plus/Experiment_results/306_analysis_results_alter/Experiment/0hr_Amputation/Image1/405/0hr_Amputation_Image1_405.tif,/Volumes/Backup Plus/Experiment_results/306_analysis_results_alter/Experiment/0hr_Amputation/Image1/565/results/cellpose_label,2026-08-22T15:50:01.390508+00:00,49,7.0,21.0,/Volumes/Backup Plus/Experiment_results/306_analysis_results_alter/Experiment/0hr_Amputation/Image1,1.1.3,0.25,cellpose.utils.stitch3D
completed,306,wnt1,0hr_Amputation,Image2,306__0hr_Amputation__Image2,70,4110,9240,132303,18038,3495,114265,/Volumes/Backup Plus/Experiment_results/306_analysis_results_alter/Experiment/0hr_Amputation/Image2/405/0hr_Amputation_Image2_405.tif,/Volumes/Backup Plus/Experiment_results/306_analysis_results_alter/Experiment/0hr_Amputation/Image2/565/results/cellpose_label,2026-08-22T20:37:45.596405+00:00,70,6.0,21.0,/Volumes/Backup Plus/Experiment_results/306_analysis_results_alter/Experiment/0hr_Amputation/Image2,1.1.3,0.25,cellpose.utils.stitch3D
completed,306,wnt1,0hr_Amputation,Image3,306__0hr_Amputation__Image3,78,4062,8904,128215,11317,1556,116898,/Volumes/Backup Plus/Experiment_results/306_analysis_results_alter/Experiment/0hr_Amputation/Image3/405/0hr_Amputation_Image3_405.tif,/Volumes/Backup Plus/Experiment_results/306_analysis_results_alter/Experiment/0hr_Amputation/Image3/565/results/cellpose_label,2026-08-23T01:44:54.280209+00:00,68,10.0,29.0,/Volumes/Backup Plus/Experiment_results/306_analysis_results_alter/Experiment/0hr_Amputation/Image3,1.1.3,0.25,cellpose.utils.stitch3D
completed,306,wnt1,0hr_Incision,Image1,306__0hr_Incision__Image1,58,3378,4866,48247,5882,968,42365,/Volumes/Backup Plus/Experiment_results/306_analysis_results_alter/Experiment/0hr_Incision/Image1/405/0hr_Incision_Image1_405.tif,/Volumes/Backup Plus/Experiment_results/306_analysis_results_alter/Experiment/0hr_Incision/Image1/565/results/cellpose_label,2026-08-23T03:22:02.090916+00:00,51,7.0,21.0,/Volumes/Backup Plus/Experiment_results/306_analysis_results_alter/Experiment/0hr_Incision/Image1,1.1.3,0.25,cellpose.utils.stitch3D
completed,306,wnt1,0hr_Incision,Image2,306__0hr_Incision__Image2,67,3552,5646,53452,4549,595,48903,/Volumes/Backup Plus/Experiment_results/306_analysis_results_alter/Experiment/0hr_Incision/Image2/405/0hr_Incision_Image2_405.tif,/Volumes/Backup Plus/Experiment_results/306_analysis_results_alter/Experiment/0hr_Incision/Image2/565/results/cellpose_label,2026-08-23T05:41:52.409552+00:00,67,12.0,26.0,/Volumes/Backup Plus/Experiment_results/306_analysis_results_alter/Experiment/0hr_Incision/Image2,1.1.3,0.25,cellpose.utils.stitch3D
completed,306,wnt1,0hr_Incision,Image3,306__0hr_Incision__Image3,94,4236,6738,119755,14531,2781,105224,/Volumes/Backup Plus/Experiment_results/306_analysis_results_alter/Experiment/0hr_Incision/Image3/405/0hr_Incision_Image3_405.tif,/Volumes/Backup Plus/Experiment_results/306_analysis_results_alter/Experiment/0hr_Incision/Image3/565/results/cellpose_label,2026-08-23T10:24:47.011617+00:00,72,6.0,22.0,/Volumes/Backup Plus/Experiment_results/306_analysis_results_alter/Experiment/0hr_Incision/Image3,1.1.3,0.25,cellpose.utils.stitch3D
completed,306,wnt1,6hr_Amputation,Image1,306__6hr_Amputation__Image1,37,4884,10008,79203,12395,2299,66808,/Volumes/Backup Plus/Experiment_results/306_analysis_results_alter/Experiment/6hr_Amputation/Image1/405/6hr_Amputation_Image1_405.tif,/Volumes/Backup Plus/Experiment_results/306_analysis_results_alter/Experiment/6hr_Amputation/Image1/565/results/cellpose_label,2026-08-19T22:00:49.983359+00:00,37,6.0,16.0,/Volumes/Backup Plus/Experiment_results/306_analysis_results_alter/Experiment/6hr_Amputation/Image1,1.1.3,0.25,cellpose.utils.stitch3D
completed,306,wnt1,6hr_Amputation,Image2,306__6hr_Amputation__Image2,51,4326,9174,91718,12518,2166,79200,/Volumes/Backup Plus/Experiment_results/306_analysis_results_alter/Experiment/6hr_Amputation/Image2/405/6hr_Amputation_Image2_405.tif,/Volumes/Backup Plus/Experiment_results/306_analysis_results_alter/Experiment/6hr_Amputation/Image2/565/results/cellpose_label,2026-08-23T14:06:09.653096+00:00,51,7.0,18.0,/Volumes/Backup Plus/Experiment_results/306_analysis_results_alter/Experiment/6hr_Amputation/Image2,1.1.3,0.25,cellpose.utils.stitch3D
completed,306,wnt1,6hr_Amputation,Image3,306__6hr_Amputation__Image3,52,5088,9252,110580,15281,3011,95299,/Volumes/Backup Plus/Experiment_results/306_analysis_results_alter/Experiment/6hr_Amputation/Image3/405/6hr_Amputation_Image3_405.tif,/Volumes/Backup Plus/Experiment_results/306_analysis_results_alter/Experiment/6hr_Amputation/Image3/565/results/cellpose_label,2026-08-23T18:31:29.330494+00:00,52,6.0,19.0,/Volumes/Backup Plus/Experiment_results/306_analysis_results_alter/Experiment/6hr_Amputation/Image3,1.1.3,0.25,cellpose.utils.stitch3D
completed,306,wnt1,6hr_Incision,Image1,306__6hr_Incision__Image1,69,4704,5508,92695,7771,1089,84924,/Volumes/Backup Plus/Experiment_results/306_analysis_results_alter/Experiment/6hr_Incision/Image1/405/6hr_Incision_Image1_405.tif,/Volumes/Backup Plus/Experiment_results/306_analysis_results_alter/Experiment/6hr_Incision/Image1/565/results/cellpose_label,2026-08-23T21:31:10.199027+00:00,67,11.0,28.0,/Volumes/Backup Plus/Experiment_results/306_analysis_results_alter/Experiment/6hr_Incision/Image1,1.1.3,0.25,cellpose.utils.stitch3D
completed,306,wnt1,6hr_Incision,Image2,306__6hr_Incision__Image2,71,2488,4560,39841,4122,574,35719,/Volumes/Backup Plus/Experiment_results/306_analysis_results_alter/Experiment/6hr_Incision/Image2/405/6hr_Incision_Image2_405.tif,/Volumes/Backup Plus/Experiment_results/306_analysis_results_alter/Experiment/6hr_Incision/Image2/565/results/cellpose_label,2026-08-23T22:54:29.512545+00:00,54,9.0,22.0,/Volumes/Backup Plus/Experiment_results/306_analysis_results_alter/Experiment/6hr_Incision/Image2,1.1.3,0.25,cellpose.utils.stitch3D
completed,306,wnt1,6hr_Incision,Image3,306__6hr_Incision__Image3,100,3882,5478,115436,11503,1825,103933,/Volumes/Backup Plus/Experiment_results/306_analysis_results_alter/Experiment/6hr_Incision/Image3/405/6hr_Incision_Image3_405.tif,/Volumes/Backup Plus/Experiment_results/306_analysis_results_alter/Experiment/6hr_Incision/Image3/565/results/cellpose_label,2026-08-24T02:45:30.027615+00:00,67,9.0,25.0,/Volumes/Backup Plus/Experiment_results/306_analysis_results_alter/Experiment/6hr_Incision/Image3,1.1.3,0.25,cellpose.utils.stitch3D
completed,306,wnt1,12hr_Amputation,Image1,306__12hr_Amputation__Image1,31,5478,9900,59608,10171,2311,49437,/Volumes/Backup Plus/Experiment_results/306_analysis_results_alter/Experiment/12hr_Amputation/Image1/405/12hr_Amputation_Image1_405.tif,/Volumes/Backup Plus/Experiment_results/306_analysis_results_alter/Experiment/12hr_Amputation/Image1/565/results/cellpose_label,2026-08-22T08:23:48.923664+00:00,31,4.0,17.0,/Volumes/Backup Plus/Experiment_results/306_analysis_results_alter/Experiment/12hr_Amputation/Image1,1.1.3,0.25,cellpose.utils.stitch3D
completed,306,wnt1,12hr_Amputation,Image2,306__12hr_Amputation__Image2,43,5208,8112,92174,11065,1818,81109,/Volumes/Backup Plus/Experiment_results/306_analysis_results_alter/Experiment/12hr_Amputation/Image2/405/12hr_Amputation_Image2_405.tif,/Volumes/Backup Plus/Experiment_results/306_analysis_results_alter/Experiment/12hr_Amputation/Image2/565/results/cellpose_label,2026-08-24T06:08:52.749163+00:00,43,7.0,21.0,/Volumes/Backup Plus/Experiment_results/306_analysis_results_alter/Experiment/12hr_Amputation/Image2,1.1.3,0.25,cellpose.utils.stitch3D
completed,306,wnt1,12hr_Amputation,Image3,306__12hr_Amputation__Image3,42,5070,9432,93950,12764,2070,81186,/Volumes/Backup Plus/Experiment_results/306_analysis_results_alter/Experiment/12hr_Amputation/Image3/405/12hr_Amputation_Image3_405.tif,/Volumes/Backup Plus/Experiment_results/306_analysis_results_alter/Experiment/12hr_Amputation/Image3/565/results/cellpose_label,2026-08-24T09:41:45.212271+00:00,42,7.0,18.0,/Volumes/Backup Plus/Experiment_results/306_analysis_results_alter/Experiment/12hr_Amputation/Image3,1.1.3,0.25,cellpose.utils.stitch3D
completed,306,wnt1,12hr_Incision,Image1,306__12hr_Incision__Image1,67,3314,3649,42652,4100,563,38552,/Volumes/Backup Plus/Experiment_results/306_analysis_results_alter/Experiment/12hr_Incision/Image1/405/12hr_Incision_Image1_405.tif,/Volumes/Backup Plus/Experiment_results/306_analysis_results_alter/Experiment/12hr_Incision/Image1/565/results/cellpose_label,2026-08-24T11:07:32.127050+00:00,52,10.0,24.0,/Volumes/Backup Plus/Experiment_results/306_analysis_results_alter/Experiment/12hr_Incision/Image1,1.1.3,0.25,cellpose.utils.stitch3D
completed,306,wnt1,12hr_Incision,Image2,306__12hr_Incision__Image2,83,2316,4632,49728,4957,737,44771,/Volumes/Backup Plus/Experiment_results/306_analysis_results_alter/Experiment/12hr_Incision/Image2/405/12hr_Incision_Image2_405.tif,/Volumes/Backup Plus/Experiment_results/306_analysis_results_alter/Experiment/12hr_Incision/Image2/565/results/cellpose_label,2026-08-24T12:39:24.572615+00:00,56,9.0,24.0,/Volumes/Backup Plus/Experiment_results/306_analysis_results_alter/Experiment/12hr_Incision/Image2,1.1.3,0.25,cellpose.utils.stitch3D
completed,306,wnt1,12hr_Incision,Image3,306__12hr_Incision__Image3,87,3036,3942,60818,5730,854,55088,/Volumes/Backup Plus/Experiment_results/306_analysis_results_alter/Experiment/12hr_Incision/Image3/405/12hr_Incision_Image3_405.tif,/Volumes/Backup Plus/Experiment_results/306_analysis_results_alter/Experiment/12hr_Incision/Image3/565/results/cellpose_label,2026-08-24T14:31:42.207834+00:00,61,9.0,26.0,/Volumes/Backup Plus/Experiment_results/306_analysis_results_alter/Experiment/12hr_Incision/Image3,1.1.3,0.25,cellpose.utils.stitch3D
completed,307,wnt1,24h_Agarose,Image1,307__24h_Agarose__Image1,48,3318,5310,27989,4573,1245,23416,/Volumes/Backup Plus/Experiment_results/307_analysis_resutls/307_quantificatoin/Experiment/24h_Agarose/Image1/405/Image1_405.tif,/Volumes/Backup Plus/Experiment_results/307_analysis_resutls/307_quantificatoin/Experiment/24h_Agarose/Image1/565/results/cellpose_label,2026-08-24T15:58:45.562470+00:00,45,4.0,19.0,/Volumes/Backup Plus/Experiment_results/307_analysis_resutls/307_quantificatoin/Experiment/24h_Agarose/Image1,1.1.3,0.25,cellpose.utils.stitch3D
completed,307,wnt1,24h_Agarose,Image2,307__24h_Agarose__Image2,38,2664,5430,32378,3764,578,28614,/Volumes/Backup Plus/Experiment_results/307_analysis_resutls/307_quantificatoin/Experiment/24h_Agarose/Image2/405/Image2_405.tif,/Volumes/Backup Plus/Experiment_results/307_analysis_resutls/307_quantificatoin/Experiment/24h_Agarose/Image2/565/results/cellpose_label,2026-08-24T16:58:21.923668+00:00,38,8.0,22.0,/Volumes/Backup Plus/Experiment_results/307_analysis_resutls/307_quantificatoin/Experiment/24h_Agarose/Image2,1.1.3,0.25,cellpose.utils.stitch3D
completed,307,wnt1,24h_Agarose,Image3,307__24h_Agarose__Image3,65,3072,4936,56008,6066,1078,49942,/Volumes/Backup Plus/Experiment_results/307_analysis_resutls/307_quantificatoin/Experiment/24h_Agarose/Image3/405/Image3_405.tif,/Volumes/Backup Plus/Experiment_results/307_analysis_resutls/307_quantificatoin/Experiment/24h_Agarose/Image3/565/results/cellpose_label,2026-08-24T18:48:16.972752+00:00,63,7.0,26.0,/Volumes/Backup Plus/Experiment_results/307_analysis_resutls/307_quantificatoin/Experiment/24h_Agarose/Image3,1.1.3,0.25,cellpose.utils.stitch3D
completed,307,wnt1,24h_Agarose,Image4,307__24h_Agarose__Image4,44,3144,4794,38788,5994,1329,32794,/Volumes/Backup Plus/Experiment_results/307_analysis_resutls/307_quantificatoin/Experiment/24h_Agarose/Image4/405/Image4_405.tif,/Volumes/Backup Plus/Experiment_results/307_analysis_resutls/307_quantificatoin/Experiment/24h_Agarose/Image4/565/results/cellpose_label,2026-08-24T20:00:07.445248+00:00,44,5.0,18.0,/Volumes/Backup Plus/Experiment_results/307_analysis_resutls/307_quantificatoin/Experiment/24h_Agarose/Image4,1.1.3,0.25,cellpose.utils.stitch3D
completed,307,wnt1,24h_Amputation,Image1,307__24h_Amputation__Image1,27,3774,10416,42816,6925,1409,35891,/Volumes/Backup Plus/Experiment_results/307_analysis_resutls/307_quantificatoin/Experiment/24h_Amputation/Image1/405/Image1_405.tif,/Volumes/Backup Plus/Experiment_results/307_analysis_resutls/307_quantificatoin/Experiment/24h_Amputation/Image1/565/results/cellpose_label,2026-08-24T21:52:19.306110+00:00,27,5.0,17.0,/Volumes/Backup Plus/Experiment_results/307_analysis_resutls/307_quantificatoin/Experiment/24h_Amputation/Image1,1.1.3,0.25,cellpose.utils.stitch3D
completed,307,wnt1,24h_Amputation,Image2,307__24h_Amputation__Image2,22,3902,11562,53562,7871,1326,45691,/Volumes/Backup Plus/Experiment_results/307_analysis_resutls/307_quantificatoin/Experiment/24h_Amputation/Image2/405/Image2_405.tif,/Volumes/Backup Plus/Experiment_results/307_analysis_resutls/307_quantificatoin/Experiment/24h_Amputation/Image2/565/results/cellpose_label,2026-08-24T23:40:16.736082+00:00,22,6.0,18.0,/Volumes/Backup Plus/Experiment_results/307_analysis_resutls/307_quantificatoin/Experiment/24h_Amputation/Image2,1.1.3,0.25,cellpose.utils.stitch3D
completed,307,wnt1,24h_Amputation,Image3,307__24h_Amputation__Image3,27,3756,9344,37076,7621,1842,29455,/Volumes/Backup Plus/Experiment_results/307_analysis_resutls/307_quantificatoin/Experiment/24h_Amputation/Image3/405/Image3_405.tif,/Volumes/Backup Plus/Experiment_results/307_analysis_resutls/307_quantificatoin/Experiment/24h_Amputation/Image3/565/results/cellpose_label,2026-08-25T01:18:37.821577+00:00,27,4.0,13.0,/Volumes/Backup Plus/Experiment_results/307_analysis_resutls/307_quantificatoin/Experiment/24h_Amputation/Image3,1.1.3,0.25,cellpose.utils.stitch3D
completed,307,wnt1,24h_Amputation,Image4,307__24h_Amputation__Image4,24,3744,9584,30980,7151,2059,23829,/Volumes/Backup Plus/Experiment_results/307_analysis_resutls/307_quantificatoin/Experiment/24h_Amputation/Image4/405/Image4_405.tif,/Volumes/Backup Plus/Experiment_results/307_analysis_resutls/307_quantificatoin/Experiment/24h_Amputation/Image4/565/results/cellpose_label,2026-08-25T02:48:58.576616+00:00,24,3.0,12.0,/Volumes/Backup Plus/Experiment_results/307_analysis_resutls/307_quantificatoin/Experiment/24h_Amputation/Image4,1.1.3,0.25,cellpose.utils.stitch3D
completed,307,wnt1,24h_Incision,Image1,307__24h_Incision__Image1,66,3704,5506,66501,8140,1524,58361,/Volumes/Backup Plus/Experiment_results/307_analysis_resutls/307_quantificatoin/Experiment/24h_Incision/Image1/405/Image1_405.tif,/Volumes/Backup Plus/Experiment_results/307_analysis_resutls/307_quantificatoin/Experiment/24h_Incision/Image1/565/results/cellpose_label,2026-08-25T05:14:11.649124+00:00,62,7.0,22.0,/Volumes/Backup Plus/Experiment_results/307_analysis_resutls/307_quantificatoin/Experiment/24h_Incision/Image1,1.1.3,0.25,cellpose.utils.stitch3D
completed,307,wnt1,24h_Incision,Image2,307__24h_Incision__Image2,47,3778,5500,57472,7360,1262,50112,/Volumes/Backup Plus/Experiment_results/307_analysis_resutls/307_quantificatoin/Experiment/24h_Incision/Image2/405/Image2_405.tif,/Volumes/Backup Plus/Experiment_results/307_analysis_resutls/307_quantificatoin/Experiment/24h_Incision/Image2/565/results/cellpose_label,2026-08-25T06:58:59.681177+00:00,47,6.0,21.0,/Volumes/Backup Plus/Experiment_results/307_analysis_resutls/307_quantificatoin/Experiment/24h_Incision/Image2,1.1.3,0.25,cellpose.utils.stitch3D
completed,307,wnt1,24h_Incision,Image3,307__24h_Incision__Image3,42,1983,4645,19495,2540,455,16955,/Volumes/Backup Plus/Experiment_results/307_analysis_resutls/307_quantificatoin/Experiment/24h_Incision/Image3/405/Image3_405.tif,/Volumes/Backup Plus/Experiment_results/307_analysis_resutls/307_quantificatoin/Experiment/24h_Incision/Image3/565/results/cellpose_label,2026-08-25T07:41:05.776073+00:00,42,7.0,20.0,/Volumes/Backup Plus/Experiment_results/307_analysis_resutls/307_quantificatoin/Experiment/24h_Incision/Image3,1.1.3,0.25,cellpose.utils.stitch3D
completed,314,notum,0hr_Amputation,Image1,314__0hr_Amputation__Image1,41,5521,10779,89050,12983,2418,76067,/Volumes/Backup Plus/Experiment_results/314_analysis_results/Experiment/0hr_Amputation/Image1/405/0h_Amputation_Image1_405.tif,/Volumes/Backup Plus/Experiment_results/314_analysis_results/Experiment/0hr_Amputation/Image1/565/results/cellpose_label,2026-08-25T12:05:57.585276+00:00,40,6.0,16.0,/Volumes/Backup Plus/Experiment_results/314_analysis_results/Experiment/0hr_Amputation/Image1,1.1.3,0.25,cellpose.utils.stitch3D
completed,314,notum,0hr_Amputation,Image2,314__0hr_Amputation__Image2,37,5796,13740,94060,16377,3682,77683,/Volumes/Backup Plus/Experiment_results/314_analysis_results/Experiment/0hr_Amputation/Image2/405/0h_Amputation_Image2_405.tif,/Volumes/Backup Plus/Experiment_results/314_analysis_results/Experiment/0hr_Amputation/Image2/565/results/cellpose_label,2026-08-25T17:30:41.846820+00:00,37,5.0,15.0,/Volumes/Backup Plus/Experiment_results/314_analysis_results/Experiment/0hr_Amputation/Image2,1.1.3,0.25,cellpose.utils.stitch3D
completed,314,notum,0hr_Amputation,Image3,314__0hr_Amputation__Image3,29,6432,13880,106315,13286,2098,93029,/Volumes/Backup Plus/Experiment_results/314_analysis_results/Experiment/0hr_Amputation/Image3/405/0h_Amputation_Image3_405.tif,/Volumes/Backup Plus/Experiment_results/314_analysis_results/Experiment/0hr_Amputation/Image3/565/results/cellpose_label,2026-08-25T22:09:40.172977+00:00,29,8.0,18.0,/Volumes/Backup Plus/Experiment_results/314_analysis_results/Experiment/0hr_Amputation/Image3,1.1.3,0.25,cellpose.utils.stitch3D
completed,314,notum,0hr_Incision,Image1,314__0hr_Incision__Image1,58,2876,6636,42572,6978,1702,35594,/Volumes/Backup Plus/Experiment_results/314_analysis_results/Experiment/0hr_Incision/Image1/405/0h_Incision_Image1_405.tif,/Volumes/Backup Plus/Experiment_results/314_analysis_results/Experiment/0hr_Incision/Image1/565/results/cellpose_label,2026-08-26T00:05:13.568932+00:00,42,5.0,15.0,/Volumes/Backup Plus/Experiment_results/314_analysis_results/Experiment/0hr_Incision/Image1,1.1.3,0.25,cellpose.utils.stitch3D
completed,314,notum,0hr_Incision,Image2,314__0hr_Incision__Image2,54,3763,7278,38384,5256,1046,33128,/Volumes/Backup Plus/Experiment_results/314_analysis_results/Experiment/0hr_Incision/Image2/405/0h_Incision_Image2_405.tif,/Volumes/Backup Plus/Experiment_results/314_analysis_results/Experiment/0hr_Incision/Image2/565/results/cellpose_label,2026-08-26T02:37:57.915417+00:00,45,7.0,18.0,/Volumes/Backup Plus/Experiment_results/314_analysis_results/Experiment/0hr_Incision/Image2,1.1.3,0.25,cellpose.utils.stitch3D
completed,314,notum,0hr_Incision,Image3,314__0hr_Incision__Image3,54,2562,7140,31055,4351,858,26704,/Volumes/Backup Plus/Experiment_results/314_analysis_results/Experiment/0hr_Incision/Image3/405/0h_Incision_Image3_405.tif,/Volumes/Backup Plus/Experiment_results/314_analysis_results/Experiment/0hr_Incision/Image3/565/results/cellpose_label,2026-08-26T04:24:32.550048+00:00,53,7.0,17.0,/Volumes/Backup Plus/Experiment_results/314_analysis_results/Experiment/0hr_Incision/Image3,1.1.3,0.25,cellpose.utils.stitch3D
completed,314,notum,6hr_Amputation,Image1,314__6hr_Amputation__Image1,40,3393,11748,67914,9040,1627,58874,/Volumes/Backup Plus/Experiment_results/314_analysis_results/Experiment/6hr_Amputation/Image1/405/6h_Amputation_Image1_405.tif,/Volumes/Backup Plus/Experiment_results/314_analysis_results/Experiment/6hr_Amputation/Image1/565/results/cellpose_label,2026-08-26T07:24:22.271268+00:00,40,7.0,17.0,/Volumes/Backup Plus/Experiment_results/314_analysis_results/Experiment/6hr_Amputation/Image1,1.1.3,0.25,cellpose.utils.stitch3D
completed,314,notum,6hr_Amputation,Image2,314__6hr_Amputation__Image2,26,2520,11520,25616,5228,1363,20388,/Volumes/Backup Plus/Experiment_results/314_analysis_results/Experiment/6hr_Amputation/Image2/405/6h_Amputation_Image2_405.tif,/Volumes/Backup Plus/Experiment_results/314_analysis_results/Experiment/6hr_Amputation/Image2/565/results/cellpose_label,2026-08-26T08:45:59.134739+00:00,26,4.0,13.0,/Volumes/Backup Plus/Experiment_results/314_analysis_results/Experiment/6hr_Amputation/Image2,1.1.3,0.25,cellpose.utils.stitch3D
completed,314,notum,6hr_Amputation,Image3,314__6hr_Amputation__Image3,54,3030,11166,76493,8344,1324,68149,/Volumes/Backup Plus/Experiment_results/314_analysis_results/Experiment/6hr_Amputation/Image3/405/6h_Amputation_Image3_405.tif,/Volumes/Backup Plus/Experiment_results/314_analysis_results/Experiment/6hr_Amputation/Image3/565/results/cellpose_label,2026-08-26T12:02:37.056526+00:00,51,8.0,21.0,/Volumes/Backup Plus/Experiment_results/314_analysis_results/Experiment/6hr_Amputation/Image3,1.1.3,0.25,cellpose.utils.stitch3D
completed,314,notum,6hr_Incision,Image1,314__6hr_Incision__Image1,55,5538,7275,66455,11732,2725,54723,/Volumes/Backup Plus/Experiment_results/314_analysis_results/Experiment/6hr_Incision/Image1/405/6h_Incision_Image1_405.tif,/Volumes/Backup Plus/Experiment_results/314_analysis_results/Experiment/6hr_Incision/Image1/565/results/cellpose_label,2026-08-26T16:07:07.257758+00:00,42,5.0,15.0,/Volumes/Backup Plus/Experiment_results/314_analysis_results/Experiment/6hr_Incision/Image1,1.1.3,0.25,cellpose.utils.stitch3D
completed,314,notum,6hr_Incision,Image2,314__6hr_Incision__Image2,49,3730,5548,45522,5850,969,39672,/Volumes/Backup Plus/Experiment_results/314_analysis_results/Experiment/6hr_Incision/Image2/405/6h_Incision_Image2_405.tif,/Volumes/Backup Plus/Experiment_results/314_analysis_results/Experiment/6hr_Incision/Image2/565/results/cellpose_label,2026-08-26T17:56:43.610487+00:00,48,7.0,18.0,/Volumes/Backup Plus/Experiment_results/314_analysis_results/Experiment/6hr_Incision/Image2,1.1.3,0.25,cellpose.utils.stitch3D
completed,314,notum,12hr_Amputation,Image1,314__12hr_Amputation__Image1,42,4440,12744,95594,15821,3476,79773,/Volumes/Backup Plus/Experiment_results/314_analysis_results/Experiment/12hr_Amputation/Image1/405/12h_Amputation_Image1_405.tif,/Volumes/Backup Plus/Experiment_results/314_analysis_results/Experiment/12hr_Amputation/Image1/565/results/cellpose_label,2026-08-26T22:20:23.676408+00:00,41,5.0,16.0,/Volumes/Backup Plus/Experiment_results/314_analysis_results/Experiment/12hr_Amputation/Image1,1.1.3,0.25,cellpose.utils.stitch3D
